{
  "W9_tau_full[0]_vs_Z_1kHz_re": {
    "spearman_r": 0.907142857142857,
    "spearman_p": 3.0633105354938657e-06,
    "pearson_r": 0.9077360938110257,
    "pearson_p": 2.9426310365499157e-06
  },
  "W9_tau_full[0]_vs_Z_1Hz_re": {
    "spearman_r": 0.8749999999999999,
    "spearman_p": 1.9522613815941147e-05,
    "pearson_r": 0.8784313874413162,
    "pearson_p": 1.6432211227600316e-05
  },
  "W9_tau_full[0]_vs_Z_01Hz_re": {
    "spearman_r": 0.8714285714285712,
    "spearman_p": 2.3236477821632676e-05,
    "pearson_r": 0.8741083636341972,
    "pearson_p": 2.040006491516455e-05
  },
  "W9_tau_full[0]_vs_Z_1kHz_mag": {
    "spearman_r": 0.907142857142857,
    "spearman_p": 3.0633105354938657e-06,
    "pearson_r": 0.9068003473643412,
    "pearson_p": 3.1348466180484723e-06
  },
  "W9_tau_full[1]_vs_Z_1kHz_re": {
    "spearman_r": 0.9214285714285713,
    "spearman_p": 1.0713172981620745e-06,
    "pearson_r": 0.927515884607724,
    "pearson_p": 6.438305882455838e-07
  },
  "W9_tau_full[1]_vs_Z_1Hz_re": {
    "spearman_r": 0.8999999999999999,
    "spearman_p": 4.871970948735606e-06,
    "pearson_r": 0.905294311736645,
    "pearson_p": 3.4661609936268436e-06
  },
  "W9_tau_full[1]_vs_Z_01Hz_re": {
    "spearman_r": 0.8892857142857141,
    "spearman_p": 9.192974758842268e-06,
    "pearson_r": 0.899569901290198,
    "pearson_p": 5.004450570816161e-06
  },
  "W9_tau_full[1]_vs_Z_1kHz_mag": {
    "spearman_r": 0.9214285714285713,
    "spearman_p": 1.0713172981620745e-06,
    "pearson_r": 0.926977420735819,
    "pearson_p": 6.746691071528713e-07
  },
  "W9_tau_full[2]_vs_Z_1kHz_re": {
    "spearman_r": 0.9035714285714285,
    "spearman_p": 3.880504128799775e-06,
    "pearson_r": 0.8936972145604236,
    "pearson_p": 7.135812719243724e-06
  },
  "W9_tau_full[2]_vs_Z_1Hz_re": {
    "spearman_r": 0.8642857142857141,
    "spearman_p": 3.243373143346797e-05,
    "pearson_r": 0.8625762819025613,
    "pearson_p": 3.503172445314683e-05
  },
  "W9_tau_full[2]_vs_Z_01Hz_re": {
    "spearman_r": 0.8607142857142854,
    "spearman_p": 3.8055250226647814e-05,
    "pearson_r": 0.85648719259744,
    "pearson_p": 4.572746568381716e-05
  },
  "W9_tau_full[2]_vs_Z_1kHz_mag": {
    "spearman_r": 0.9035714285714285,
    "spearman_p": 3.880504128799775e-06,
    "pearson_r": 0.8941440565756934,
    "pearson_p": 6.9508054670399775e-06
  },
  "W9_R_pulse_vs_Z_1kHz": {
    "spearman_r": 0.6964285714285713,
    "spearman_p": 0.003921190506879554
  }
}