{
  "\u03c4\u2081(CT)_vs_diag": {
    "spearman_r": 0.9454545454545454,
    "spearman_p": 1.118303770149319e-05,
    "pct_change": 76.02821191750377,
    "slope": 0.3437967509743918
  },
  "\u03c4\u2082(SEI)_vs_diag": {
    "spearman_r": 0.9636363636363637,
    "spearman_p": 1.852039864070312e-06,
    "pct_change": 40.52503625643,
    "slope": 4.405868343122772
  },
  "\u03c4\u2083(diff)_vs_diag": {
    "spearman_r": 0.9454545454545454,
    "spearman_p": 1.118303770149319e-05,
    "pct_change": 39.19151435243956,
    "slope": 26.30544322100952
  }
}