{
  "W10_tau_full[0]_vs_Z_1kHz_re": {
    "spearman_r": -0.10489510489510491,
    "spearman_p": 0.7456094809807079,
    "pearson_r": -0.14159942370671175,
    "pearson_p": 0.6606820363863048
  },
  "W10_tau_full[0]_vs_Z_1Hz_re": {
    "spearman_r": -0.18181818181818185,
    "spearman_p": 0.5717012385276553,
    "pearson_r": -0.2657428885373987,
    "pearson_p": 0.4038172565995351
  },
  "W10_tau_full[0]_vs_Z_01Hz_re": {
    "spearman_r": -0.21678321678321683,
    "spearman_p": 0.49855598552418856,
    "pearson_r": -0.26316415144445593,
    "pearson_p": 0.40856578509277297
  },
  "W10_tau_full[0]_vs_Z_1kHz_mag": {
    "spearman_r": -0.10489510489510491,
    "spearman_p": 0.7456094809807079,
    "pearson_r": -0.13840798301342613,
    "pearson_p": 0.667938038688682
  },
  "W10_tau_full[1]_vs_Z_1kHz_re": {
    "spearman_r": 0.6573426573426573,
    "spearman_p": 0.020185498509854096,
    "pearson_r": 0.8471100601335775,
    "pearson_p": 0.0005059937925397239
  },
  "W10_tau_full[1]_vs_Z_1Hz_re": {
    "spearman_r": 0.4125874125874127,
    "spearman_p": 0.18256397857316675,
    "pearson_r": 0.7442745709720171,
    "pearson_p": 0.005501377711222468
  },
  "W10_tau_full[1]_vs_Z_01Hz_re": {
    "spearman_r": 0.43356643356643365,
    "spearman_p": 0.1591057694121953,
    "pearson_r": 0.7619807431619847,
    "pearson_p": 0.003969979215118614
  },
  "W10_tau_full[1]_vs_Z_1kHz_mag": {
    "spearman_r": 0.6573426573426573,
    "spearman_p": 0.020185498509854096,
    "pearson_r": 0.8453037814421802,
    "pearson_p": 0.0005348857866632898
  },
  "W10_tau_full[2]_vs_Z_1kHz_re": {
    "spearman_r": 0.7202797202797203,
    "spearman_p": 0.008239768712338441,
    "pearson_r": 0.7599969475752547,
    "pearson_p": 0.004123196027977303
  },
  "W10_tau_full[2]_vs_Z_1Hz_re": {
    "spearman_r": 0.30069930069930073,
    "spearman_p": 0.34225952894002465,
    "pearson_r": 0.4708457250359238,
    "pearson_p": 0.12235324987025475
  },
  "W10_tau_full[2]_vs_Z_01Hz_re": {
    "spearman_r": 0.32867132867132864,
    "spearman_p": 0.2969041156887641,
    "pearson_r": 0.48782721070977497,
    "pearson_p": 0.10764315202324458
  },
  "W10_tau_full[2]_vs_Z_1kHz_mag": {
    "spearman_r": 0.7202797202797203,
    "spearman_p": 0.008239768712338441,
    "pearson_r": 0.7666891670261127,
    "pearson_p": 0.003623610770758486
  },
  "W10_R_pulse_vs_Z_1kHz": {
    "spearman_r": 0.9090909090909092,
    "spearman_p": 4.1910446530342335e-05
  },
  "W8_tau_full[0]_vs_Z_1kHz_re": {
    "spearman_r": 0.8021978021978022,
    "spearman_p": 0.0009687789139250084,
    "pearson_r": 0.8697564175081183,
    "pearson_p": 0.00011161593666343252
  },
  "W8_tau_full[0]_vs_Z_1Hz_re": {
    "spearman_r": 0.7692307692307693,
    "spearman_p": 0.0021122295993498776,
    "pearson_r": 0.7370981904224775,
    "pearson_p": 0.004043869167703213
  },
  "W8_tau_full[0]_vs_Z_01Hz_re": {
    "spearman_r": 0.7527472527472527,
    "spearman_p": 0.0029822333891698486,
    "pearson_r": 0.7440681548151133,
    "pearson_p": 0.0035400673887157645
  },
  "W8_tau_full[0]_vs_Z_1kHz_mag": {
    "spearman_r": 0.8186813186813187,
    "spearman_p": 0.0006209883849300375,
    "pearson_r": 0.8712470334820386,
    "pearson_p": 0.00010508198441459919
  },
  "W8_tau_full[1]_vs_Z_1kHz_re": {
    "spearman_r": 0.9285714285714285,
    "spearman_p": 4.607427269933694e-06,
    "pearson_r": 0.9146555194139524,
    "pearson_p": 1.1933365168504344e-05
  },
  "W8_tau_full[1]_vs_Z_1Hz_re": {
    "spearman_r": 0.8076923076923077,
    "spearman_p": 0.0008391600097274243,
    "pearson_r": 0.7475447215504297,
    "pearson_p": 0.0033076934294171516
  },
  "W8_tau_full[1]_vs_Z_01Hz_re": {
    "spearman_r": 0.8131868131868131,
    "spearman_p": 0.0007236077236996977,
    "pearson_r": 0.7723292837432628,
    "pearson_p": 0.001973603336601436
  },
  "W8_tau_full[1]_vs_Z_1kHz_mag": {
    "spearman_r": 0.9505494505494506,
    "spearman_p": 6.363704773478595e-07,
    "pearson_r": 0.9170238966389598,
    "pearson_p": 1.026983824223499e-05
  },
  "W8_tau_full[2]_vs_Z_1kHz_re": {
    "spearman_r": 0.576923076923077,
    "spearman_p": 0.03899262343244829,
    "pearson_r": 0.8287649132764304,
    "pearson_p": 0.0004627550193171981
  },
  "W8_tau_full[2]_vs_Z_1Hz_re": {
    "spearman_r": 0.5494505494505494,
    "spearman_p": 0.05177062555916269,
    "pearson_r": 0.7812238521062301,
    "pearson_p": 0.0016147686169064646
  },
  "W8_tau_full[2]_vs_Z_01Hz_re": {
    "spearman_r": 0.5439560439560439,
    "spearman_p": 0.05464653454086549,
    "pearson_r": 0.7924229572247158,
    "pearson_p": 0.001237879018314569
  },
  "W8_tau_full[2]_vs_Z_1kHz_mag": {
    "spearman_r": 0.6098901098901099,
    "spearman_p": 0.026877834421252016,
    "pearson_r": 0.828004102505283,
    "pearson_p": 0.0004734423338901695
  },
  "W8_R_pulse_vs_Z_1kHz": {
    "spearman_r": 0.9725274725274725,
    "spearman_p": 2.6191330438273957e-08
  },
  "W9_tau_full[0]_vs_Z_1kHz_re": {
    "spearman_r": 0.7197802197802198,
    "spearman_p": 0.005536115775787642,
    "pearson_r": 0.7224948607077007,
    "pearson_p": 0.0052779291536913875
  },
  "W9_tau_full[0]_vs_Z_1Hz_re": {
    "spearman_r": 0.5989010989010989,
    "spearman_p": 0.030554114172937866,
    "pearson_r": 0.5077235280587604,
    "pearson_p": 0.07651537364807472
  },
  "W9_tau_full[0]_vs_Z_01Hz_re": {
    "spearman_r": 0.6153846153846153,
    "spearman_p": 0.02516711655189929,
    "pearson_r": 0.5187901266711991,
    "pearson_p": 0.06928283597172484
  },
  "W9_tau_full[0]_vs_Z_1kHz_mag": {
    "spearman_r": 0.7417582417582418,
    "spearman_p": 0.003701313735752625,
    "pearson_r": 0.72506398543136,
    "pearson_p": 0.00504220743591387
  },
  "W9_tau_full[1]_vs_Z_1kHz_re": {
    "spearman_r": 0.9285714285714285,
    "spearman_p": 4.607427269933694e-06,
    "pearson_r": 0.9281775966747732,
    "pearson_p": 4.745231836498263e-06
  },
  "W9_tau_full[1]_vs_Z_1Hz_re": {
    "spearman_r": 0.7417582417582418,
    "spearman_p": 0.003701313735752625,
    "pearson_r": 0.6962635239564952,
    "pearson_p": 0.008200159274043304
  },
  "W9_tau_full[1]_vs_Z_01Hz_re": {
    "spearman_r": 0.7747252747252747,
    "spearman_p": 0.0018713615028719075,
    "pearson_r": 0.7256355620782173,
    "pearson_p": 0.004990884465844652
  },
  "W9_tau_full[1]_vs_Z_1kHz_mag": {
    "spearman_r": 0.9505494505494506,
    "spearman_p": 6.363704773478595e-07,
    "pearson_r": 0.9303730091159556,
    "pearson_p": 4.01763875840665e-06
  },
  "W9_tau_full[2]_vs_Z_1kHz_re": {
    "spearman_r": 0.6538461538461539,
    "spearman_p": 0.015348516732105476,
    "pearson_r": 0.8232040875619773,
    "pearson_p": 0.0005454584867533356
  },
  "W9_tau_full[2]_vs_Z_1Hz_re": {
    "spearman_r": 0.5549450549450549,
    "spearman_p": 0.04900449559833098,
    "pearson_r": 0.6995661691611564,
    "pearson_p": 0.007776648160253826
  },
  "W9_tau_full[2]_vs_Z_01Hz_re": {
    "spearman_r": 0.5714285714285714,
    "spearman_p": 0.04134226737172355,
    "pearson_r": 0.704879026539129,
    "pearson_p": 0.007130626944075867
  },
  "W9_tau_full[2]_vs_Z_1kHz_mag": {
    "spearman_r": 0.6813186813186813,
    "spearman_p": 0.010340409451492895,
    "pearson_r": 0.8234065776710531,
    "pearson_p": 0.0005422554904323255
  },
  "W9_R_pulse_vs_Z_1kHz": {
    "spearman_r": 0.945054945054945,
    "spearman_p": 1.1239312789557584e-06
  }
}