{
  "\u03c4\u2081(CT)_vs_diag": {
    "spearman_r": 0.8373626373626375,
    "spearman_p": 0.00018639737783200425,
    "pct_change": 91.0905630553848,
    "slope": 0.4249712717648173
  },
  "\u03c4\u2082(SEI)_vs_diag": {
    "spearman_r": 0.9076923076923077,
    "spearman_p": 7.3017039968523426e-06,
    "pct_change": 73.31048774757858,
    "slope": 7.795288790747119
  },
  "\u03c4\u2083(diff)_vs_diag": {
    "spearman_r": 0.8285714285714285,
    "spearman_p": 0.000250534270865576,
    "pct_change": 60.51166989287082,
    "slope": 37.16447135043366
  }
}