{
  "W10_tau_full[0]_vs_Z_1kHz_re": {
    "spearman_r": 0.8928571428571428,
    "spearman_p": 7.4947360645682566e-06,
    "pearson_r": 0.8520104999184178,
    "pearson_p": 5.520421309902091e-05
  },
  "W10_tau_full[0]_vs_Z_1Hz_re": {
    "spearman_r": 0.8928571428571428,
    "spearman_p": 7.4947360645682566e-06,
    "pearson_r": 0.9014910282794697,
    "pearson_p": 4.4351031170606114e-06
  },
  "W10_tau_full[0]_vs_Z_01Hz_re": {
    "spearman_r": 0.8928571428571428,
    "spearman_p": 7.4947360645682566e-06,
    "pearson_r": 0.8977896108708958,
    "pearson_p": 5.585205997167224e-06
  },
  "W10_tau_full[0]_vs_Z_1kHz_mag": {
    "spearman_r": 0.8928571428571428,
    "spearman_p": 7.4947360645682566e-06,
    "pearson_r": 0.8479420800747235,
    "pearson_p": 6.517095893756514e-05
  },
  "W10_tau_full[1]_vs_Z_1kHz_re": {
    "spearman_r": 0.8499999999999999,
    "spearman_p": 5.995888525311016e-05,
    "pearson_r": 0.8359300049476687,
    "pearson_p": 0.00010361557654614167
  },
  "W10_tau_full[1]_vs_Z_1Hz_re": {
    "spearman_r": 0.8571428571428571,
    "spearman_p": 4.446004447004746e-05,
    "pearson_r": 0.8975428140795961,
    "pearson_p": 5.669972385953159e-06
  },
  "W10_tau_full[1]_vs_Z_01Hz_re": {
    "spearman_r": 0.8571428571428571,
    "spearman_p": 4.446004447004746e-05,
    "pearson_r": 0.8952836700457965,
    "pearson_p": 6.496965536546919e-06
  },
  "W10_tau_full[1]_vs_Z_1kHz_mag": {
    "spearman_r": 0.8499999999999999,
    "spearman_p": 5.995888525311016e-05,
    "pearson_r": 0.8314622934848246,
    "pearson_p": 0.00012198817631030721
  },
  "W10_tau_full[2]_vs_Z_1kHz_re": {
    "spearman_r": 0.42142857142857143,
    "spearman_p": 0.11769939585541649,
    "pearson_r": 0.5820336391169839,
    "pearson_p": 0.022825353368058344
  },
  "W10_tau_full[2]_vs_Z_1Hz_re": {
    "spearman_r": 0.4964285714285714,
    "spearman_p": 0.05979741374992401,
    "pearson_r": 0.6991721310864639,
    "pearson_p": 0.0037239946944323185
  },
  "W10_tau_full[2]_vs_Z_01Hz_re": {
    "spearman_r": 0.4964285714285714,
    "spearman_p": 0.05979741374992401,
    "pearson_r": 0.7030315994234746,
    "pearson_p": 0.0034600366661509487
  },
  "W10_tau_full[2]_vs_Z_1kHz_mag": {
    "spearman_r": 0.42142857142857143,
    "spearman_p": 0.11769939585541649,
    "pearson_r": 0.577917967735853,
    "pearson_p": 0.024043257175727348
  },
  "W10_R_pulse_vs_Z_1kHz": {
    "spearman_r": -0.08928571428571427,
    "spearman_p": 0.751672517350277
  },
  "W8_tau_full[0]_vs_Z_1kHz_re": {
    "spearman_r": 0.932142857142857,
    "spearman_p": 4.2412182315433434e-07,
    "pearson_r": 0.9351110307086172,
    "pearson_p": 3.194371525597828e-07
  },
  "W8_tau_full[0]_vs_Z_1Hz_re": {
    "spearman_r": 0.907142857142857,
    "spearman_p": 3.0633105354938657e-06,
    "pearson_r": 0.9072608933898889,
    "pearson_p": 3.0389755332368695e-06
  },
  "W8_tau_full[0]_vs_Z_01Hz_re": {
    "spearman_r": 0.907142857142857,
    "spearman_p": 3.0633105354938657e-06,
    "pearson_r": 0.9210657689156647,
    "pearson_p": 1.1028977765706946e-06
  },
  "W8_tau_full[0]_vs_Z_1kHz_mag": {
    "spearman_r": 0.932142857142857,
    "spearman_p": 4.2412182315433434e-07,
    "pearson_r": 0.9346997854177062,
    "pearson_p": 3.324931790775331e-07
  },
  "W8_tau_full[1]_vs_Z_1kHz_re": {
    "spearman_r": 0.9428571428571427,
    "spearman_p": 1.4247676947645743e-07,
    "pearson_r": 0.9320011874960363,
    "pearson_p": 4.297613501083852e-07
  },
  "W8_tau_full[1]_vs_Z_1Hz_re": {
    "spearman_r": 0.9178571428571428,
    "spearman_p": 1.4176968515006258e-06,
    "pearson_r": 0.9044800297622537,
    "pearson_p": 3.6571321539883885e-06
  },
  "W8_tau_full[1]_vs_Z_01Hz_re": {
    "spearman_r": 0.9178571428571428,
    "spearman_p": 1.4176968515006258e-06,
    "pearson_r": 0.9187960171043541,
    "pearson_p": 1.3186714233454706e-06
  },
  "W8_tau_full[1]_vs_Z_1kHz_mag": {
    "spearman_r": 0.9428571428571427,
    "spearman_p": 1.4247676947645743e-07,
    "pearson_r": 0.9314585085075033,
    "pearson_p": 4.5194903177296876e-07
  },
  "W8_tau_full[2]_vs_Z_1kHz_re": {
    "spearman_r": 0.6178571428571428,
    "spearman_p": 0.014103928406489474,
    "pearson_r": 0.7068122681805307,
    "pearson_p": 0.0032161381315739665
  },
  "W8_tau_full[2]_vs_Z_1Hz_re": {
    "spearman_r": 0.5857142857142856,
    "spearman_p": 0.021776517619042774,
    "pearson_r": 0.6582228026795616,
    "pearson_p": 0.007635172300471626
  },
  "W8_tau_full[2]_vs_Z_01Hz_re": {
    "spearman_r": 0.5857142857142856,
    "spearman_p": 0.021776517619042774,
    "pearson_r": 0.6797161450126785,
    "pearson_p": 0.005308913578066537
  },
  "W8_tau_full[2]_vs_Z_1kHz_mag": {
    "spearman_r": 0.6178571428571428,
    "spearman_p": 0.014103928406489474,
    "pearson_r": 0.7060666589392259,
    "pearson_p": 0.003263118694368396
  },
  "W8_R_pulse_vs_Z_1kHz": {
    "spearman_r": -0.5357142857142856,
    "spearman_p": 0.03956697222954947
  },
  "W9_tau_full[0]_vs_Z_1kHz_re": {
    "spearman_r": 0.8678571428571429,
    "spearman_p": 2.7518063955129248e-05,
    "pearson_r": 0.9136287177471724,
    "pearson_p": 1.9442525901586975e-06
  },
  "W9_tau_full[0]_vs_Z_1Hz_re": {
    "spearman_r": 0.8321428571428571,
    "spearman_p": 0.00011902824493849791,
    "pearson_r": 0.8865501819863423,
    "pearson_p": 1.0700256501224624e-05
  },
  "W9_tau_full[0]_vs_Z_01Hz_re": {
    "spearman_r": 0.8607142857142854,
    "spearman_p": 3.8055250226647814e-05,
    "pearson_r": 0.8914574757484099,
    "pearson_p": 8.126088385104157e-06
  },
  "W9_tau_full[0]_vs_Z_1kHz_mag": {
    "spearman_r": 0.8678571428571429,
    "spearman_p": 2.7518063955129248e-05,
    "pearson_r": 0.9128460817074877,
    "pearson_p": 2.0576800575433502e-06
  },
  "W9_tau_full[1]_vs_Z_1kHz_re": {
    "spearman_r": 0.8749999999999999,
    "spearman_p": 1.9522613815941147e-05,
    "pearson_r": 0.9148156502160426,
    "pearson_p": 1.7822242628007608e-06
  },
  "W9_tau_full[1]_vs_Z_1Hz_re": {
    "spearman_r": 0.8357142857142855,
    "spearman_p": 0.00010444687327713345,
    "pearson_r": 0.8890804149453407,
    "pearson_p": 9.299584763543669e-06
  },
  "W9_tau_full[1]_vs_Z_01Hz_re": {
    "spearman_r": 0.8607142857142854,
    "spearman_p": 3.8055250226647814e-05,
    "pearson_r": 0.8942305569751399,
    "pearson_p": 6.9154570255943405e-06
  },
  "W9_tau_full[1]_vs_Z_1kHz_mag": {
    "spearman_r": 0.8749999999999999,
    "spearman_p": 1.9522613815941147e-05,
    "pearson_r": 0.9139693902226876,
    "pearson_p": 1.896537317813195e-06
  },
  "W9_tau_full[2]_vs_Z_1kHz_re": {
    "spearman_r": 0.6214285714285712,
    "spearman_p": 0.013402006712181795,
    "pearson_r": 0.7565051730119778,
    "pearson_p": 0.0010978477909568765
  },
  "W9_tau_full[2]_vs_Z_1Hz_re": {
    "spearman_r": 0.6107142857142855,
    "spearman_p": 0.01559283142117561,
    "pearson_r": 0.6954068440457101,
    "pearson_p": 0.003996714268781077
  },
  "W9_tau_full[2]_vs_Z_01Hz_re": {
    "spearman_r": 0.6035714285714285,
    "spearman_p": 0.01720013806879533,
    "pearson_r": 0.6984045484027253,
    "pearson_p": 0.003778351733243749
  },
  "W9_tau_full[2]_vs_Z_1kHz_mag": {
    "spearman_r": 0.6214285714285712,
    "spearman_p": 0.013402006712181795,
    "pearson_r": 0.7573191651291795,
    "pearson_p": 0.0010765166198223213
  },
  "W9_R_pulse_vs_Z_1kHz": {
    "spearman_r": -0.33928571428571425,
    "spearman_p": 0.2160289253419548
  }
}