{
  "36s": {
    "cell_loocv_mape": 1.2066262948849473,
    "cell_loocv_per_cell": {
      "W8": 1.0011510637413068,
      "W9": 1.0070741204655915,
      "W10": 1.6116537004479439
    },
    "cell_aging_holdout_mape": 1.2945192743553209,
    "cell_aging_holdout_std": 0.8909944810963114,
    "cell_aging_pct_below_2": 86.66666666666667,
    "cell_aging_worst_fold": 3.8894951252514507,
    "loco_prospective_mape": 1.337188494393204,
    "loco_prospective_per_cell": {
      "W8": 1.5792328844919212,
      "W9": 1.726607136018535,
      "W10": 0.7057254626691556
    },
    "cell_aging_matrix": [
      [
        2.948908590393761,
        0.6995076349986455,
        0.9138744873870926,
        1.3964412820535865,
        1.5272908405076497,
        0.9518560568265398,
        1.0674324152721175,
        0.2583093325963597,
        0.45377904323377055,
        0.39734073161082456,
        0.9307420739388675,
        0.12395869599524385,
        0.4913822714025971,
        0.3351506954261502,
        3.7446462710656823
      ],
      [
        1.3700626640066305,
        0.972901588210877,
        1.8645051276444713,
        1.0158756580759456,
        0.5274943315542125,
        0.9778934827671546,
        1.6552490248752012,
        1.186769148079117,
        0.42709798961153633,
        0.6359775189327105,
        1.488229495309384,
        1.119637327116157,
        1.0636470505041404,
        0.997188493789956,
        0.9092802984682975
      ],
      [
        3.8894951252514507,
        1.849045170398072,
        0.4961329871360852,
        1.6341418328854016,
        3.868344227648156,
        1.571129897402785,
        1.7718212537155227,
        1.9580821610981507,
        2.228905189038559,
        1.2745676921161784,
        0.8679300964760797,
        2.0094589839262222,
        1.163489068736131,
        0.7217508896318259,
        0.49664314887413646
      ]
    ]
  },
  "360s": {
    "cell_loocv_mape": 0.7833604660960374,
    "cell_loocv_per_cell": {
      "W8": 0.9048511241900814,
      "W9": 0.6367068522510301,
      "W10": 0.8085234218470004
    },
    "cell_aging_holdout_mape": 0.9484197898447614,
    "cell_aging_holdout_std": 0.7118828572896206,
    "cell_aging_pct_below_2": 91.11111111111111,
    "cell_aging_worst_fold": 3.2024238631591184,
    "loco_prospective_mape": 0.895537649844799,
    "loco_prospective_per_cell": {
      "W8": 0.9210953695706219,
      "W9": 0.9821335337284189,
      "W10": 0.7833840462353563
    },
    "cell_aging_matrix": [
      [
        0.8756336902199763,
        0.4097660622168266,
        1.7649268358908048,
        1.7566882658639866,
        2.266989082712274,
        0.25243503233416875,
        0.18530436638230224,
        0.7223932190610652,
        0.910412080442943,
        0.5609033404203532,
        0.4919258669915094,
        0.7251037395601551,
        0.13109813714347612,
        0.9699394811239523,
        2.441064391123888
      ],
      [
        0.9561289331185102,
        1.4498657859975275,
        0.7038066570905426,
        1.61246415101551,
        1.919578193455105,
        0.19485790371812997,
        0.4145672262074302,
        0.25516794158933265,
        0.4779901916133883,
        0.3192365029381411,
        1.0450321481382776,
        0.22307879938304404,
        0.9251815545651113,
        0.241117405531199,
        0.04783899597218562
      ],
      [
        1.755283176382565,
        3.2024238631591184,
        1.14932002037504,
        0.817205098209867,
        2.047783272968973,
        1.3050277869954316,
        1.7718901804154592,
        0.8062240242472136,
        0.30493796833828657,
        0.6370320616103311,
        1.2454171270097902,
        0.13415137997190013,
        0.918029185859576,
        0.28712539800088577,
        1.0465440176487162
      ]
    ]
  },
  "3600s": {
    "cell_loocv_mape": 0.9944657003761956,
    "cell_loocv_per_cell": {
      "W8": 1.2070422864652464,
      "W9": 0.8571579476458757,
      "W10": 0.9191968670174648
    },
    "cell_aging_holdout_mape": 1.2717682642023198,
    "cell_aging_holdout_std": 0.9143081698061757,
    "cell_aging_pct_below_2": 86.66666666666667,
    "cell_aging_worst_fold": 4.533079518779938,
    "loco_prospective_mape": 1.3118324510327863,
    "loco_prospective_per_cell": {
      "W8": 0.9953554632135295,
      "W9": 1.3226871292387274,
      "W10": 1.617454760646102
    },
    "cell_aging_matrix": [
      [
        1.6594196291158163,
        0.6985708862523693,
        1.6025336923914728,
        1.3030871794013401,
        3.9448857826426336,
        1.2540728695202241,
        0.7169725234494977,
        2.188510448902951,
        1.386562745625377,
        0.5676393921163689,
        0.5631370566139628,
        1.0004929160946676,
        3.4516120287848424,
        1.008442082319692,
        1.731292791949756
      ],
      [
        0.8961223478107612,
        2.0867383759933196,
        0.1872800448841374,
        0.43225969981252793,
        2.194623239279867,
        1.7986472362140515,
        0.21449949890169712,
        0.6494280215555162,
        0.37437414279757547,
        1.1789608075407383,
        1.9822684620569433,
        0.9105674504858996,
        1.7878274007378994,
        1.0004115515027454,
        0.22178943259175643
      ],
      [
        0.8584987894320205,
        1.6478332375461084,
        0.8466085812217,
        0.8290779390344613,
        4.533079518779938,
        1.5462671589108223,
        0.4467642239297068,
        0.33290010610916,
        0.20857691818616372,
        0.9507558588742703,
        1.0116783541332046,
        1.1846914597181024,
        0.9865573760456822,
        1.375474842666602,
        1.4777777871700388
      ]
    ]
  }
}