{
  "\u03c4\u2081(CT)_vs_diag": {
    "spearman_r": 0.9181818181818183,
    "spearman_p": 6.661451941355563e-05,
    "pct_change": 64.04617211846998,
    "slope": 0.29614780420451653
  },
  "\u03c4\u2082(SEI)_vs_diag": {
    "spearman_r": 0.9545454545454546,
    "spearman_p": 4.988898739949763e-06,
    "pct_change": 58.567734348160016,
    "slope": 6.07341173218255
  },
  "\u03c4\u2083(diff)_vs_diag": {
    "spearman_r": 0.9363636363636365,
    "spearman_p": 2.208207644917754e-05,
    "pct_change": 42.822252409900564,
    "slope": 23.56540928170148
  }
}