{
  "\u03c4\u2081(CT)_vs_diag": {
    "spearman_r": 0.9523809523809524,
    "spearman_p": 0.00026040002438725105,
    "pct_change": 65.50129802087278,
    "slope": 0.7287477518370136
  },
  "\u03c4\u2082(SEI)_vs_diag": {
    "spearman_r": 0.9761904761904763,
    "spearman_p": 3.3143960262001043e-05,
    "pct_change": 62.63232715109951,
    "slope": 14.050830790977413
  },
  "\u03c4\u2083(diff)_vs_diag": {
    "spearman_r": 0.9761904761904763,
    "spearman_p": 3.3143960262001043e-05,
    "pct_change": 48.98409543519342,
    "slope": 51.27926836173992
  }
}