{
  "W10_tau_full[0]_vs_Z_1kHz_re": {
    "spearman_r": 0.6214285714285712,
    "spearman_p": 0.013402006712181795,
    "pearson_r": 0.646450542247498,
    "pearson_p": 0.009211388657090439
  },
  "W10_tau_full[0]_vs_Z_1Hz_re": {
    "spearman_r": 0.5249999999999999,
    "spearman_p": 0.04448390580010643,
    "pearson_r": 0.616386610425438,
    "pearson_p": 0.014401070403217281
  },
  "W10_tau_full[0]_vs_Z_01Hz_re": {
    "spearman_r": 0.5178571428571428,
    "spearman_p": 0.04800407736655833,
    "pearson_r": 0.6140873754334937,
    "pearson_p": 0.014875336022744209
  },
  "W10_tau_full[0]_vs_Z_1kHz_mag": {
    "spearman_r": 0.6214285714285712,
    "spearman_p": 0.013402006712181795,
    "pearson_r": 0.6437453814231819,
    "pearson_p": 0.00960714338903886
  },
  "W10_tau_full[1]_vs_Z_1kHz_re": {
    "spearman_r": 0.6428571428571428,
    "spearman_p": 0.009739944695595262,
    "pearson_r": 0.1739165119102022,
    "pearson_p": 0.5353278142512984
  },
  "W10_tau_full[1]_vs_Z_1Hz_re": {
    "spearman_r": 0.7321428571428571,
    "spearman_p": 0.0019129636009785611,
    "pearson_r": 0.18477762955786542,
    "pearson_p": 0.5097223900402814
  },
  "W10_tau_full[1]_vs_Z_01Hz_re": {
    "spearman_r": 0.7107142857142856,
    "spearman_p": 0.002978994886802742,
    "pearson_r": 0.19719560849569848,
    "pearson_p": 0.48115686280298375
  },
  "W10_tau_full[1]_vs_Z_1kHz_mag": {
    "spearman_r": 0.6428571428571428,
    "spearman_p": 0.009739944695595262,
    "pearson_r": 0.1710436465123028,
    "pearson_p": 0.5421944461547246
  },
  "W10_tau_full[2]_vs_Z_1kHz_re": {
    "spearman_r": 0.6214285714285712,
    "spearman_p": 0.013402006712181795,
    "pearson_r": 0.23075116913326504,
    "pearson_p": 0.40800010510542467
  },
  "W10_tau_full[2]_vs_Z_1Hz_re": {
    "spearman_r": 0.7071428571428571,
    "spearman_p": 0.0031954812582450634,
    "pearson_r": 0.24167629195248458,
    "pearson_p": 0.3855177190144498
  },
  "W10_tau_full[2]_vs_Z_01Hz_re": {
    "spearman_r": 0.6857142857142856,
    "spearman_p": 0.004772245222691258,
    "pearson_r": 0.2522865074437712,
    "pearson_p": 0.3643368571129916
  },
  "W10_tau_full[2]_vs_Z_1kHz_mag": {
    "spearman_r": 0.6214285714285712,
    "spearman_p": 0.013402006712181795,
    "pearson_r": 0.22782611896337723,
    "pearson_p": 0.4141335076943651
  },
  "W10_R_pulse_vs_Z_1kHz": {
    "spearman_r": 0.4107142857142856,
    "spearman_p": 0.12832864601574887
  },
  "W8_tau_full[0]_vs_Z_1kHz_re": {
    "spearman_r": -0.7607142857142856,
    "spearman_p": 0.0009911286119823719,
    "pearson_r": -0.6841507997910761,
    "pearson_p": 0.004907792816687155
  },
  "W8_tau_full[0]_vs_Z_1Hz_re": {
    "spearman_r": -0.6392857142857141,
    "spearman_p": 0.010288446619594209,
    "pearson_r": -0.6387120920783125,
    "pearson_p": 0.01037874379116623
  },
  "W8_tau_full[0]_vs_Z_01Hz_re": {
    "spearman_r": -0.6321428571428571,
    "spearman_p": 0.011457541540078888,
    "pearson_r": -0.6437328423634097,
    "pearson_p": 0.009609008216975677
  },
  "W8_tau_full[0]_vs_Z_1kHz_mag": {
    "spearman_r": -0.7607142857142856,
    "spearman_p": 0.0009911286119823719,
    "pearson_r": -0.6861148041426833,
    "pearson_p": 0.004738003971181147
  },
  "W8_tau_full[1]_vs_Z_1kHz_re": {
    "spearman_r": -0.6249999999999999,
    "spearman_p": 0.012727453511233668,
    "pearson_r": -0.7212799128276566,
    "pearson_p": 0.00240624427830753
  },
  "W8_tau_full[1]_vs_Z_1Hz_re": {
    "spearman_r": -0.5178571428571428,
    "spearman_p": 0.04800407736655833,
    "pearson_r": -0.678902284186037,
    "pearson_p": 0.005385264489486121
  },
  "W8_tau_full[1]_vs_Z_01Hz_re": {
    "spearman_r": -0.5107142857142856,
    "spearman_p": 0.05172549836826929,
    "pearson_r": -0.6829088056088648,
    "pearson_p": 0.005017626761004401
  },
  "W8_tau_full[1]_vs_Z_1kHz_mag": {
    "spearman_r": -0.6249999999999999,
    "spearman_p": 0.012727453511233668,
    "pearson_r": -0.7229063649357548,
    "pearson_p": 0.002326522578937511
  },
  "W8_tau_full[2]_vs_Z_1kHz_re": {
    "spearman_r": -0.6785714285714285,
    "spearman_p": 0.005416550219591705,
    "pearson_r": -0.7288623053595784,
    "pearson_p": 0.0020524575734485726
  },
  "W8_tau_full[2]_vs_Z_1Hz_re": {
    "spearman_r": -0.5892857142857142,
    "spearman_p": 0.020794358483161638,
    "pearson_r": -0.6892797442817438,
    "pearson_p": 0.004474220763218304
  },
  "W8_tau_full[2]_vs_Z_01Hz_re": {
    "spearman_r": -0.5857142857142856,
    "spearman_p": 0.021776517619042774,
    "pearson_r": -0.6926952208919231,
    "pearson_p": 0.004202769372384733
  },
  "W8_tau_full[2]_vs_Z_1kHz_mag": {
    "spearman_r": -0.6785714285714285,
    "spearman_p": 0.005416550219591705,
    "pearson_r": -0.7302891661704835,
    "pearson_p": 0.0019908155989360574
  },
  "W8_R_pulse_vs_Z_1kHz": {
    "spearman_r": 0.8214285714285712,
    "spearman_p": 0.00017314771750717042
  },
  "W9_tau_full[0]_vs_Z_1kHz_re": {
    "spearman_r": -0.4392857142857142,
    "spearman_p": 0.10136057119347243,
    "pearson_r": -0.4522459967208997,
    "pearson_p": 0.09054409532684836
  },
  "W9_tau_full[0]_vs_Z_1Hz_re": {
    "spearman_r": -0.3571428571428571,
    "spearman_p": 0.19127476343157904,
    "pearson_r": -0.37812080093476996,
    "pearson_p": 0.16463454505828334
  },
  "W9_tau_full[0]_vs_Z_01Hz_re": {
    "spearman_r": -0.35357142857142854,
    "spearman_p": 0.19607167843419876,
    "pearson_r": -0.3627447314936593,
    "pearson_p": 0.18390474120776065
  },
  "W9_tau_full[0]_vs_Z_1kHz_mag": {
    "spearman_r": -0.4392857142857142,
    "spearman_p": 0.10136057119347243,
    "pearson_r": -0.4555301690936481,
    "pearson_p": 0.08793813907245253
  },
  "W9_tau_full[1]_vs_Z_1kHz_re": {
    "spearman_r": -0.5714285714285713,
    "spearman_p": 0.02606319337636288,
    "pearson_r": -0.5912483303491476,
    "pearson_p": 0.020269250905162774
  },
  "W9_tau_full[1]_vs_Z_1Hz_re": {
    "spearman_r": -0.5107142857142856,
    "spearman_p": 0.05172549836826929,
    "pearson_r": -0.5206883545616173,
    "pearson_p": 0.04658506815899643
  },
  "W9_tau_full[1]_vs_Z_01Hz_re": {
    "spearman_r": -0.5035714285714286,
    "spearman_p": 0.05565451716115848,
    "pearson_r": -0.5054237268754904,
    "pearson_p": 0.054615348744683954
  },
  "W9_tau_full[1]_vs_Z_1kHz_mag": {
    "spearman_r": -0.5714285714285713,
    "spearman_p": 0.02606319337636288,
    "pearson_r": -0.5937859197753754,
    "pearson_p": 0.019605414297152207
  },
  "W9_tau_full[2]_vs_Z_1kHz_re": {
    "spearman_r": -0.5142857142857142,
    "spearman_p": 0.04983923347142064,
    "pearson_r": -0.6571559925539734,
    "pearson_p": 0.007768597197542146
  },
  "W9_tau_full[2]_vs_Z_1Hz_re": {
    "spearman_r": -0.457142857142857,
    "spearman_p": 0.08667812662416982,
    "pearson_r": -0.6024864138147319,
    "pearson_p": 0.01745503024751225
  },
  "W9_tau_full[2]_vs_Z_01Hz_re": {
    "spearman_r": -0.4642857142857142,
    "spearman_p": 0.08125098075549496,
    "pearson_r": -0.5886890185021271,
    "pearson_p": 0.02095605004821024
  },
  "W9_tau_full[2]_vs_Z_1kHz_mag": {
    "spearman_r": -0.5142857142857142,
    "spearman_p": 0.04983923347142064,
    "pearson_r": -0.6591222314916116,
    "pearson_p": 0.007524085601814676
  },
  "W9_R_pulse_vs_Z_1kHz": {
    "spearman_r": 0.6964285714285713,
    "spearman_p": 0.003921190506879554
  }
}