{
  "W8_tau_full[0]_vs_Z_1kHz_re": {
    "spearman_r": 0.9607142857142855,
    "spearman_p": 1.3027489790343413e-08,
    "pearson_r": 0.916079935597961,
    "pearson_p": 1.6222033628391812e-06
  },
  "W8_tau_full[0]_vs_Z_1Hz_re": {
    "spearman_r": 0.825,
    "spearman_p": 0.00015323557090564578,
    "pearson_r": 0.895971337460225,
    "pearson_p": 6.2352507119457486e-06
  },
  "W8_tau_full[0]_vs_Z_01Hz_re": {
    "spearman_r": 0.8321428571428571,
    "spearman_p": 0.00011902824493849791,
    "pearson_r": 0.8963655212339573,
    "pearson_p": 6.089232409405279e-06
  },
  "W8_tau_full[0]_vs_Z_1kHz_mag": {
    "spearman_r": 0.9607142857142855,
    "spearman_p": 1.3027489790343413e-08,
    "pearson_r": 0.915485757514203,
    "pearson_p": 1.6958431086665046e-06
  },
  "W8_tau_full[1]_vs_Z_1kHz_re": {
    "spearman_r": 0.9571428571428571,
    "spearman_p": 2.2736751556259742e-08,
    "pearson_r": 0.9057884129685286,
    "pearson_p": 3.3543910186989663e-06
  },
  "W8_tau_full[1]_vs_Z_1Hz_re": {
    "spearman_r": 0.8285714285714284,
    "spearman_p": 0.00013524478013276988,
    "pearson_r": 0.8863226772357637,
    "pearson_p": 1.083434970863183e-05
  },
  "W8_tau_full[1]_vs_Z_01Hz_re": {
    "spearman_r": 0.8357142857142855,
    "spearman_p": 0.00010444687327713345,
    "pearson_r": 0.8863268479377764,
    "pearson_p": 1.0831878951207409e-05
  },
  "W8_tau_full[1]_vs_Z_1kHz_mag": {
    "spearman_r": 0.9571428571428571,
    "spearman_p": 2.2736751556259742e-08,
    "pearson_r": 0.9052569993219309,
    "pearson_p": 3.474726013287087e-06
  },
  "W8_tau_full[2]_vs_Z_1kHz_re": {
    "spearman_r": 0.9285714285714284,
    "spearman_p": 5.867938270803352e-07,
    "pearson_r": 0.7373471647180395,
    "pearson_p": 0.0017073798994683286
  },
  "W8_tau_full[2]_vs_Z_1Hz_re": {
    "spearman_r": 0.8142857142857142,
    "spearman_p": 0.000219365827727102,
    "pearson_r": 0.7010434104109835,
    "pearson_p": 0.0035940835712763887
  },
  "W8_tau_full[2]_vs_Z_01Hz_re": {
    "spearman_r": 0.8214285714285712,
    "spearman_p": 0.00017314771750717042,
    "pearson_r": 0.7107116897018455,
    "pearson_p": 0.0029791478751514462
  },
  "W8_tau_full[2]_vs_Z_1kHz_mag": {
    "spearman_r": 0.9285714285714284,
    "spearman_p": 5.867938270803352e-07,
    "pearson_r": 0.7382532920713205,
    "pearson_p": 0.001673476932006249
  },
  "W8_R_pulse_vs_Z_1kHz": {
    "spearman_r": 0.8214285714285712,
    "spearman_p": 0.00017314771750717042
  }
}