{
  "W10_tau_full[0]_vs_Z_1kHz_re": {
    "spearman_r": 0.8142857142857142,
    "spearman_p": 0.000219365827727102,
    "pearson_r": 0.8613762651912851,
    "pearson_p": 3.69565292870772e-05
  },
  "W10_tau_full[0]_vs_Z_1Hz_re": {
    "spearman_r": 0.6749999999999999,
    "spearman_p": 0.00576349921805083,
    "pearson_r": 0.8276944556305229,
    "pearson_p": 0.00013949259588629754
  },
  "W10_tau_full[0]_vs_Z_01Hz_re": {
    "spearman_r": 0.6678571428571428,
    "spearman_p": 0.006509956694715437,
    "pearson_r": 0.814850084367153,
    "pearson_p": 0.00021538104158019792
  },
  "W10_tau_full[0]_vs_Z_1kHz_mag": {
    "spearman_r": 0.8142857142857142,
    "spearman_p": 0.000219365827727102,
    "pearson_r": 0.8605939492864861,
    "pearson_p": 3.825785250629084e-05
  },
  "W10_tau_full[1]_vs_Z_1kHz_re": {
    "spearman_r": 0.9107142857142855,
    "spearman_p": 2.395020837207069e-06,
    "pearson_r": 0.8782247477769214,
    "pearson_p": 1.6606020553688495e-05
  },
  "W10_tau_full[1]_vs_Z_1Hz_re": {
    "spearman_r": 0.9464285714285712,
    "spearman_p": 9.447938510352392e-08,
    "pearson_r": 0.8928352940315263,
    "pearson_p": 7.504267796100196e-06
  },
  "W10_tau_full[1]_vs_Z_01Hz_re": {
    "spearman_r": 0.9249999999999998,
    "spearman_p": 7.987462113818468e-07,
    "pearson_r": 0.8870093146257925,
    "pearson_p": 1.0433839552411542e-05
  },
  "W10_tau_full[1]_vs_Z_1kHz_mag": {
    "spearman_r": 0.9107142857142855,
    "spearman_p": 2.395020837207069e-06,
    "pearson_r": 0.8784802337852278,
    "pearson_p": 1.6391346958177144e-05
  },
  "W10_tau_full[2]_vs_Z_1kHz_re": {
    "spearman_r": 0.8678571428571429,
    "spearman_p": 2.7518063955129248e-05,
    "pearson_r": 0.8545141137801859,
    "pearson_p": 4.972303913123591e-05
  },
  "W10_tau_full[2]_vs_Z_1Hz_re": {
    "spearman_r": 0.8928571428571428,
    "spearman_p": 7.4947360645682566e-06,
    "pearson_r": 0.8660144530078815,
    "pearson_p": 2.9970739456820394e-05
  },
  "W10_tau_full[2]_vs_Z_01Hz_re": {
    "spearman_r": 0.8714285714285712,
    "spearman_p": 2.3236477821632676e-05,
    "pearson_r": 0.8579756491524478,
    "pearson_p": 4.2892246029436524e-05
  },
  "W10_tau_full[2]_vs_Z_1kHz_mag": {
    "spearman_r": 0.8678571428571429,
    "spearman_p": 2.7518063955129248e-05,
    "pearson_r": 0.8546946502486461,
    "pearson_p": 4.9345859787002265e-05
  },
  "W10_R_pulse_vs_Z_1kHz": {
    "spearman_r": 0.4107142857142856,
    "spearman_p": 0.12832864601574887
  }
}