{
  "headline": {
    "cell_loocv_mape": 0.9944657003761956,
    "aging_loocv_mape": 1.2086475372422063,
    "aging_loocv_std": 0.7721501816773663,
    "cell_aging_holdout_mape": 1.2717682642023198,
    "cell_aging_holdout_std": 0.9143081698061757,
    "loco_prospective_mape": 1.3118324510327863,
    "within_cell_mape": 1.941340964380441,
    "analytical_mape": 5.609819515277949,
    "eis_self_mape": 1.9740886496771133
  },
  "cell_loocv": {
    "W8": {
      "overall_mape": 1.2070422864652464,
      "per_freq": {
        "1kHz": 0.9922403844192127,
        "100Hz": 0.9711878790828622,
        "10Hz": 1.331996312459339,
        "1Hz": 1.395802867148106,
        "0.1Hz": 1.3439839892167111
      }
    },
    "W9": {
      "overall_mape": 0.8571579476458757,
      "per_freq": {
        "1kHz": 0.7449486700027033,
        "100Hz": 0.7207222607831753,
        "10Hz": 0.9310668482768841,
        "1Hz": 0.945678829900474,
        "0.1Hz": 0.9433731292661418
      }
    },
    "W10": {
      "overall_mape": 0.9191968670174648,
      "per_freq": {
        "1kHz": 0.7600082363372529,
        "100Hz": 0.6710012123166226,
        "10Hz": 1.0037732699752544,
        "1Hz": 1.121814506109948,
        "0.1Hz": 1.0393871103482466
      }
    }
  },
  "loco_prospective": {
    "W8": {
      "overall_mape": 0.9953554632135295,
      "per_freq": {
        "1kHz": 0.8476351335907628,
        "100Hz": 0.9509226292243995,
        "10Hz": 1.1662694927024222,
        "1Hz": 0.9050967105597236,
        "0.1Hz": 1.1068533499903392
      }
    },
    "W9": {
      "overall_mape": 1.3226871292387274,
      "per_freq": {
        "1kHz": 1.2816054419994283,
        "100Hz": 1.230617797179391,
        "10Hz": 1.2228258273248898,
        "1Hz": 1.4573012598412352,
        "0.1Hz": 1.4210853198486928
      }
    },
    "W10": {
      "overall_mape": 1.617454760646102,
      "per_freq": {
        "1kHz": 1.0077091452331206,
        "100Hz": 0.9079208640861487,
        "10Hz": 1.7766454838908035,
        "1Hz": 2.3766385135105743,
        "0.1Hz": 2.0183597965098627
      }
    }
  },
  "cell_aging_matrix": [
    [
      1.6594196291158163,
      0.6985708862523693,
      1.6025336923914728,
      1.3030871794013401,
      3.9448857826426336,
      1.2540728695202241,
      0.7169725234494977,
      2.188510448902951,
      1.386562745625377,
      0.5676393921163689,
      0.5631370566139628,
      1.0004929160946676,
      3.4516120287848424,
      1.008442082319692,
      1.731292791949756
    ],
    [
      0.8961223478107612,
      2.0867383759933196,
      0.1872800448841374,
      0.43225969981252793,
      2.194623239279867,
      1.7986472362140515,
      0.21449949890169712,
      0.6494280215555162,
      0.37437414279757547,
      1.1789608075407383,
      1.9822684620569433,
      0.9105674504858996,
      1.7878274007378994,
      1.0004115515027454,
      0.22178943259175643
    ],
    [
      0.8584987894320205,
      1.6478332375461084,
      0.8466085812217,
      0.8290779390344613,
      4.533079518779938,
      1.5462671589108223,
      0.4467642239297068,
      0.33290010610916,
      0.20857691818616372,
      0.9507558588742703,
      1.0116783541332046,
      1.1846914597181024,
      0.9865573760456822,
      1.375474842666602,
      1.4777777871700388
    ]
  ],
  "cell_aging_45fold_stats": {
    "mean": 1.2717682642023198,
    "std": 0.9143081698061757,
    "min": 0.1872800448841374,
    "max": 4.533079518779938,
    "pct_below_1": 44.44444444444444,
    "pct_below_2": 86.66666666666667,
    "pct_below_3": 93.33333333333333
  }
}